area_cd,content_id,name,category,content_type_id,mapx,mapy,collected_at,hour,day_of_week,is_weekend,month,congestion_level,congestion_label
POI001,2456536,강남 마이스 관광특구,관광지,12,127.0592180,37.5119176,2026-09-29 22:50:00+09:00,22,1,0,9,여유,0
POI003,1957600,명동 남대문 북창동 다동무교동 관광특구,관광지,12,126.9753048,37.5599772,2026-09-29 22:50:00+09:00,22,1,0,9,여유,0
POI004,126999,이태원 관광특구,관광특구,,126.9906555,37.5339242,2026-09-29 22:50:00+09:00,22,1,0,9,여유,0
POI005,2390484,잠실 관광특구 코스,관광특구,,127.1017973,37.5158429,2026-09-29 22:50:00+09:00,22,1,0,9,여유,0
POI006,3094138,샤오바오우육면 종로본점,음식점,39,126.9866397,37.5691374,2026-09-29 22:50:00+09:00,22,1,0,9,여유,0
POI007,3082405,홍대걷고싶은거리,관광특구,,126.9243070,37.5559990,2026-09-29 22:50:00+09:00,22,1,0,9,여유,0
POI008,2648460,경복궁 별빛야행,고궁·문화유산,,126.9767376,37.5760837,2026-09-29 22:50:00+09:00,22,1,0,9,여유,0
POI009,126512,광화문,고궁·문화유산,,126.9768042,37.5760726,2026-09-29 22:50:00+09:00,22,1,0,9,여유,0
POI010,126516,보신각터,관광지,12,126.9835760,37.5698151,2026-09-29 22:50:00+09:00,22,1,0,9,여유,0
POI011,126519,서울 암사동 유적,관광지,12,127.1306157,37.5591134,2026-09-29 22:50:00+09:00,22,1,0,9,여유,0
POI012,1604941,창덕궁 낙선재,고궁·문화유산,,126.9902446,37.5777032,2026-09-29 22:50:00+09:00,22,1,0,9,여유,0
POI013,2924339,올리브영 가산디지털단지역점,인구밀집지역,,126.8841211,37.4803939,2026-09-29 22:50:00+09:00,22,1,0,9,여유,0
POI014,3383832,케미스트릿 강남역 페스티벌,인구밀집지역,,127.0257686,37.4996073,2026-09-29 22:50:00+09:00,22,1,0,9,여유,0
POI015,4008823,건대입구역1번출구약국,인구밀집지역,,127.0689907,37.5408091,2026-09-29 22:50:00+09:00,22,1,0,9,여유,0
POI016,2907530,올리브영 고덕점,인구밀집지역,,127.1555047,37.5536237,2026-09-29 22:50:00+09:00,22,1,0,9,여유,0
POI017,132492,고투몰(강남터미널 지하쇼핑몰),인구밀집지역,,127.0050517,37.5062203,2026-09-29 22:50:00+09:00,22,1,0,9,여유,0
POI018,4013050,정관장 교대역점,인구밀집지역,,127.0187109,37.4954932,2026-09-29 22:50:00+09:00,22,1,0,9,여유,0
POI019,3307273,올리브영 구로디지털단지역점,인구밀집지역,,126.9030763,37.4840660,2026-09-29 22:50:00+09:00,22,1,0,9,여유,0
POI020,3305737,헤지스종합관 NC 신구로점,인구밀집지역,,126.8827730,37.5011601,2026-09-29 22:50:00+09:00,22,1,0,9,여유,0
POI021,2930912,올리브영 군자역점,인구밀집지역,,127.0789923,37.5568272,2026-09-29 22:50:00+09:00,22,1,0,9,여유,0
POI023,2037026,대림중앙시장,인구밀집지역,,126.8997025,37.4916032,2026-09-29 22:50:00+09:00,22,1,0,9,여유,0
POI024,1906334,동대문역사문화공원,관광지,12,127.0095710,37.5661076,2026-09-29 22:50:00+09:00,22,1,0,9,여유,0
POI025,4025740,다이소 뚝섬역점,인구밀집지역,,127.0451244,37.5476939,2026-09-29 22:50:00+09:00,22,1,0,9,여유,0
POI026,4026771,JAJU 미아사거리역점,인구밀집지역,,127.0294532,37.6131436,2026-09-29 22:50:00+09:00,22,1,0,9,여유,0
POI027,4008169,다비치안경 발산역점,인구밀집지역,,126.8389032,37.5588597,2026-09-29 22:50:00+09:00,22,1,0,9,여유,0
POI029,2918269,올리브영 사당역점,인구밀집지역,,126.9813996,37.4746718,2026-09-29 22:50:00+09:00,22,1,0,9,여유,0
POI030,130431,전쟁기념관,문화시설,14,126.9784385,37.5373271,2026-09-29 22:50:00+09:00,22,1,0,9,여유,0
POI031,3306647,ABC마트 ST 서울대입구역점,인구밀집지역,,126.9529494,37.4805127,2026-09-29 22:50:00+09:00,22,1,0,9,여유,0
POI032,2589349,서울식물원,인구밀집지역,,126.8360145,37.5692236,2026-09-29 22:50:00+09:00,22,1,0,9,여유,0
POI033,130361,서울역사박물관,문화시설,14,126.9707772,37.5698982,2026-09-29 22:50:00+09:00,22,1,0,9,여유,0
POI034,2906647,올리브영 선릉역점,인구밀집지역,,127.0483036,37.5052785,2026-09-29 22:50:00+09:00,22,1,0,9,여유,0
POI035,3306806,올리브영 성신여대입구역점,인구밀집지역,,127.0159782,37.5937321,2026-09-29 22:50:00+09:00,22,1,0,9,여유,0
POI036,4026769,세컨아이즈 수유역점,인구밀집지역,,127.0270330,37.6386748,2026-09-29 22:50:00+09:00,22,1,0,9,여유,0
POI037,3305302,올리브영 신논현역점,인구밀집지역,,127.0250313,37.5046342,2026-09-29 22:50:00+09:00,22,1,0,9,여유,0
POI038,3307250,정관장 신도림역점,인구밀집지역,,126.8890714,37.5052235,2026-09-29 22:50:00+09:00,22,1,0,9,여유,0
POI039,2909517,올리브영 신림역점,인구밀집지역,,126.9299488,37.4855072,2026-09-29 22:50:00+09:00,22,1,0,9,여유,0
POI040,3023167,브라운스위트 신촌센트럴,인구밀집지역,,126.9356086,37.5547215,2026-09-29 22:50:00+09:00,22,1,0,9,여유,0
POI041,4025615,으뜸50안경 양재역점,인구밀집지역,,127.0366745,37.4844742,2026-09-29 22:50:00+09:00,22,1,0,9,여유,0
POI042,2911908,올리브영 역삼역점,인구밀집지역,,127.0343038,37.4996398,2026-09-29 22:50:00+09:00,22,1,0,9,여유,0
POI043,2925802,ABC마트 ST 연신내역점,인구밀집지역,,126.9203863,37.6182861,2026-09-29 22:50:00+09:00,22,1,0,9,여유,0
POI044,131434,목동사격장,인구밀집지역,,126.8799280,37.5308340,2026-09-29 22:50:00+09:00,22,1,0,9,여유,0
POI045,2910272,엔터식스 왕십리역점,인구밀집지역,,127.0383942,37.5614418,2026-09-29 22:50:00+09:00,22,1,0,9,여유,0
POI046,2758150,용산역광장,인구밀집지역,,126.9647566,37.5298249,2026-09-29 22:50:00+09:00,22,1,0,9,여유,0
POI047,2910593,러쉬 이태원역점,인구밀집지역,,126.9937352,37.5348144,2026-09-29 22:50:00+09:00,22,1,0,9,여유,0
POI048,2924746,올리브영 현대아울렛 가든파이브점,인구밀집지역,,127.1249618,37.4776148,2026-09-29 22:50:00+09:00,22,1,0,9,여유,0
POI049,2907221,올리브영 장한평역점,인구밀집지역,,127.0645738,37.5621355,2026-09-29 22:50:00+09:00,22,1,0,9,여유,0
POI050,4027140,롯데하이마트 천호역점,인구밀집지역,,127.1225567,37.5372303,2026-09-29 22:50:00+09:00,22,1,0,9,여유,0
POI051,4027111,아트박스 이수역점,인구밀집지역,,126.9802810,37.4850769,2026-09-29 22:50:00+09:00,22,1,0,9,여유,0
POI052,250330,서울 약현성당,인구밀집지역,,126.9674195,37.5591438,2026-09-29 22:50:00+09:00,22,1,0,9,여유,0
POI053,3076199,NOL 씨어터 합정,인구밀집지역,,126.9142940,37.5511270,2026-09-29 22:50:00+09:00,22,1,0,9,여유,0
POI054,3306639,올리브영 혜화역점,인구밀집지역,,127.0022496,37.5821889,2026-09-29 22:50:00+09:00,22,1,0,9,여유,0
POI055,2911133,올리브영 홍대입구역점,인구밀집지역,,126.9234466,37.5561131,2026-09-29 22:50:00+09:00,22,1,0,9,여유,0
POI056,4008866,365회기역약국,인구밀집지역,,127.0574416,37.5901851,2026-09-29 22:50:00+09:00,22,1,0,9,여유,0
POI058,4009200,올리브영 가락시장역점,발달상권,,127.1200525,37.4935862,2026-09-29 22:50:00+09:00,22,1,0,9,여유,0
POI059,987720,신사동 가로수길,관광지,12,127.0227572,37.5197049,2026-09-29 22:50:00+09:00,22,1,0,9,여유,0
POI060,132183,광장시장,쇼핑,38,126.9997218,37.5701653,2026-09-29 22:50:00+09:00,22,1,0,9,여유,0
POI061,1535690,롯데몰 김포공항점,쇼핑,38,126.8015845,37.5621960,2026-09-29 22:50:00+09:00,22,1,0,9,여유,0
POI063,132216,노량진수산물도매시장,쇼핑,38,126.9368207,37.5148539,2026-09-29 22:50:00+09:00,22,1,0,9,여유,0
POI064,2778454,정동길,발달상권,,126.9696135,37.5679539,2026-09-29 22:50:00+09:00,22,1,0,9,여유,0
POI066,126537,북촌한옥마을,관광지,12,126.9867060,37.5790529,2026-09-29 22:50:00+09:00,22,1,0,9,여유,0
POI067,3097714,서촌라운지,발달상권,,126.9688799,37.5785416,2026-09-29 22:50:00+09:00,22,1,0,9,여유,0
POI068,2930901,성수동 카페거리,발달상권,,127.0566146,37.5432528,2026-09-29 22:50:00+09:00,22,1,0,9,여유,0
POI070,4011885,올리브영 쌍문역점,인구밀집지역,,127.0348872,37.6483536,2026-09-29 22:50:00+09:00,22,1,0,9,여유,0
POI071,126823,압구정 로데오거리,발달상권,,127.0388972,37.5268766,2026-09-29 22:50:00+09:00,22,1,0,9,여유,0
POI072,1327006,메리어트 이그제큐티브 아파트먼트 서울 여의도,발달상권,,126.9186194,37.5212668,2026-09-29 22:50:00+09:00,22,1,0,9,여유,0
POI073,2500201,연남동 공방거리,관광지,12,126.9236206,37.5623010,2026-09-29 22:50:00+09:00,22,1,0,9,여유,0
POI074,3305278,올리브영 영등포타임스퀘어점,발달상권,,126.9037160,37.5172333,2026-09-29 22:50:00+09:00,22,1,0,9,여유,0
POI076,2773303,아모레퍼시픽미술관,발달상권,,126.9686896,37.5288446,2026-09-29 22:50:00+09:00,22,1,0,9,여유,0
POI077,1019182,이태원 앤틱 가구거리,발달상권,,126.9943340,37.5335170,2026-09-29 22:50:00+09:00,22,1,0,9,여유,0
POI078,2392535,다이나믹 메이즈 인사동,발달상권,,126.9872367,37.5719399,2026-09-29 22:50:00+09:00,22,1,0,9,여유,0
POI080,1310950,청담패션거리,발달상권,,127.0443162,37.5255519,2026-09-29 22:50:00+09:00,22,1,0,9,여유,0
POI081,948730,경동시장,발달상권,,127.0391402,37.5790354,2026-09-29 22:50:00+09:00,22,1,0,9,여유,0
POI082,2385683,서울 해방촌의 이국적인 맛집을 찾아서,발달상권,,126.9831046,37.5447208,2026-09-29 22:50:00+09:00,22,1,0,9,여유,0
POI083,2470006,동대문디자인플라자(DDP),관광지,12,127.0095710,37.5661076,2026-09-29 22:50:00+09:00,22,1,0,9,여유,0
POI084,3082446,키즈돌핀 서대문DMC점,레포츠,28,126.9083161,37.5729189,2026-09-29 22:50:00+09:00,22,1,0,9,여유,0
POI085,2733968,강서한강공원,공원,,126.8171452,37.5860415,2026-09-29 22:50:00+09:00,22,1,0,9,여유,0
POI086,2591873,고척 스카이돔,레포츠,28,126.8668970,37.4992129,2026-09-29 22:50:00+09:00,22,1,0,9,여유,0
POI087,250252,광나루한강공원,공원,,127.1222640,37.5500199,2026-09-29 22:50:00+09:00,22,1,0,9,여유,0
POI088,775394,광화문광장,공원,,126.9769710,37.5727035,2026-09-29 22:50:00+09:00,22,1,0,9,여유,0
POI089,1604580,국립중앙박물관 전통염료식물원,관광지,12,126.9791278,37.5211706,2026-09-29 22:50:00+09:00,22,1,0,9,여유,0
POI090,127859,난지한강공원,관광지,12,126.8851546,37.5630252,2026-09-29 22:50:00+09:00,22,1,0,9,여유,0
POI091,126485,남산공원(서울),공원,,126.9922312,37.5556863,2026-09-29 22:50:00+09:00,22,1,0,9,여유,0
POI092,2638475,노들섬,공원,,126.9580520,37.5177179,2026-09-29 22:50:00+09:00,22,1,0,9,여유,0
POI093,1030763,뚝섬한강공원,관광지,12,127.0739939,37.5294186,2026-09-29 22:50:00+09:00,22,1,0,9,여유,0
POI094,1059638,망원한강공원,관광지,12,126.8999036,37.5523989,2026-09-29 22:50:00+09:00,22,1,0,9,여유,0
POI095,970138,반포한강공원,공원,,126.9927514,37.5076862,2026-09-29 22:50:00+09:00,22,1,0,9,여유,0
POI096,822384,북서울꿈의숲,관광지,12,127.0445440,37.6197243,2026-09-29 22:50:00+09:00,22,1,0,9,여유,0
POI098,2773409,서리풀공원,공원,,126.9997157,37.4908523,2026-09-29 22:50:00+09:00,22,1,0,9,여유,0
POI100,126712,서울대공원,공원,,127.0170994,37.4278367,2026-09-29 22:50:00+09:00,22,1,0,9,여유,0
POI101,128611,서울숲,공원,,127.0417984,37.5430716,2026-09-29 22:50:00+09:00,22,1,0,9,여유,0
POI102,742972,아차산 어울림정원,공원,,127.1012880,37.5519609,2026-09-29 22:50:00+09:00,22,1,0,9,여유,0
POI103,1059877,양화한강공원,공원,,126.9023815,37.5383339,2026-09-29 22:50:00+09:00,22,1,0,9,여유,0
POI104,126490,서울어린이대공원,공원,,127.0762793,37.5493552,2026-09-29 22:50:00+09:00,22,1,0,9,여유,0
POI105,1059479,여의도한강공원,관광지,12,126.9336096,37.5263998,2026-09-29 22:50:00+09:00,22,1,0,9,여유,0
POI106,3058015,월드컵공원 유아숲체험원,공원,,126.8911230,37.5674490,2026-09-29 22:50:00+09:00,22,1,0,9,여유,0
POI107,1874105,응봉산(서울),공원,,127.0298000,37.5482000,2026-09-29 22:50:00+09:00,22,1,0,9,여유,0
POI108,970636,이촌한강공원,공원,,126.9708512,37.5178206,2026-09-29 22:50:00+09:00,22,1,0,9,여유,0
POI109,1093200,서울종합운동장(잠실종합운동장),공원,,127.0736248,37.5147994,2026-09-29 22:50:00+09:00,22,1,0,9,여유,0
POI110,131318,잠실한강공원 잠실물놀이장,레포츠,28,127.0867514,37.5176813,2026-09-29 22:50:00+09:00,22,1,0,9,여유,0
POI111,970342,잠원한강공원,공원,,127.0122746,37.5207538,2026-09-29 22:50:00+09:00,22,1,0,9,여유,0
POI112,2792588,서울 서초 글램핑 청계산장,레포츠,28,127.0464404,37.4483609,2026-09-29 22:50:00+09:00,22,1,0,9,여유,0
POI115,132180,남대문시장,쇼핑,38,126.9776796,37.5592467,2026-09-29 22:50:00+09:00,22,1,0,9,여유,0
POI116,2946228,익선동 한옥거리,발달상권,,126.9901420,37.5737675,2026-09-29 22:50:00+09:00,22,1,0,9,여유,0
POI117,2915164,올리브영 신정네거리역점,인구밀집지역,,126.8536835,37.5190714,2026-09-29 22:50:00+09:00,22,1,0,9,여유,0
POI118,3306465,아트박스 잠실새내점,인구밀집지역,,127.0866633,37.5085039,2026-09-29 22:50:00+09:00,22,1,0,9,여유,0
POI119,4009164,더샘 잠실역점,인구밀집지역,,127.1018579,37.5138593,2026-09-29 22:50:00+09:00,22,1,0,9,여유,0
POI120,754052,석촌호수,발달상권,,127.0989440,37.5079160,2026-09-29 22:50:00+09:00,22,1,0,9,여유,0
POI121,2994877,송리단길,발달상권,,127.1082358,37.5091382,2026-09-29 22:50:00+09:00,22,1,0,9,여유,0
POI122,264375,연세로,관광지,12,126.9365529,37.5557797,2026-09-29 22:50:00+09:00,22,1,0,9,여유,0
POI123,127940,보라매공원,공원,,126.9194911,37.4948921,2026-09-29 22:50:00+09:00,22,1,0,9,여유,0
POI124,128622,서대문독립공원,관광지,12,126.9573422,37.5746724,2026-09-29 22:50:00+09:00,22,1,0,9,여유,0
POI125,2591870,안양천 물놀이장,레포츠,28,126.8745155,37.5071537,2026-09-29 22:50:00+09:00,22,1,0,9,여유,0
POI126,525755,영등포 여의도 봄꽃축제,공원,,126.9226450,37.5320510,2026-09-29 22:50:00+09:00,22,1,0,9,여유,0
POI127,2761797,올림픽공원피크닉장,공원,,127.1150682,37.5206093,2026-09-29 22:50:00+09:00,22,1,0,9,여유,0
POI128,2783698,홍제폭포,공원,,126.9376210,37.5806970,2026-09-29 22:50:00+09:00,22,1,0,9,여유,0
POI129,3056152,열린송현 녹지광장,공원,,126.9814000,37.5766000,2026-09-29 22:50:00+09:00,22,1,0,9,여유,0
POI130,2927404,다이소 서울시청광장점,인구밀집지역,,126.9766271,37.5647034,2026-09-29 22:50:00+09:00,22,1,0,9,여유,0
POI131,1951225,서울의 대문 숭례문과 그 주변의 사람들을 찾아,인구밀집지역,,126.9752993,37.5599855,2026-09-29 22:50:00+09:00,22,1,0,9,여유,0
POI001,2456536,강남 마이스 관광특구,관광지,12,127.0592180,37.5119176,2026-09-30 15:05:00+09:00,15,2,0,9,약간 붐빔,2
POI003,1957600,명동 남대문 북창동 다동무교동 관광특구,관광지,12,126.9753048,37.5599772,2026-09-30 15:05:00+09:00,15,2,0,9,보통,1
POI004,126999,이태원 관광특구,관광특구,,126.9906555,37.5339242,2026-09-30 15:05:00+09:00,15,2,0,9,약간 붐빔,2
POI005,2390484,잠실 관광특구 코스,관광특구,,127.1017973,37.5158429,2026-09-30 15:05:00+09:00,15,2,0,9,보통,1
POI006,3094138,샤오바오우육면 종로본점,음식점,39,126.9866397,37.5691374,2026-09-30 15:05:00+09:00,15,2,0,9,보통,1
POI007,3082405,홍대걷고싶은거리,관광특구,,126.9243070,37.5559990,2026-09-30 15:05:00+09:00,15,2,0,9,여유,0
POI008,2648460,경복궁 별빛야행,고궁·문화유산,,126.9767376,37.5760837,2026-09-30 15:05:00+09:00,15,2,0,9,약간 붐빔,2
POI009,126512,광화문,고궁·문화유산,,126.9768042,37.5760726,2026-09-30 15:05:00+09:00,15,2,0,9,보통,1
POI010,126516,보신각터,관광지,12,126.9835760,37.5698151,2026-09-30 15:05:00+09:00,15,2,0,9,보통,1
POI011,126519,서울 암사동 유적,관광지,12,127.1306157,37.5591134,2026-09-30 15:05:00+09:00,15,2,0,9,여유,0
POI012,1604941,창덕궁 낙선재,고궁·문화유산,,126.9902446,37.5777032,2026-09-30 15:05:00+09:00,15,2,0,9,보통,1
POI013,2924339,올리브영 가산디지털단지역점,인구밀집지역,,126.8841211,37.4803939,2026-09-30 15:05:00+09:00,15,2,0,9,약간 붐빔,2
POI014,3383832,케미스트릿 강남역 페스티벌,인구밀집지역,,127.0257686,37.4996073,2026-09-30 15:05:00+09:00,15,2,0,9,약간 붐빔,2
POI015,4008823,건대입구역1번출구약국,인구밀집지역,,127.0689907,37.5408091,2026-09-30 15:05:00+09:00,15,2,0,9,여유,0
POI016,2907530,올리브영 고덕점,인구밀집지역,,127.1555047,37.5536237,2026-09-30 15:05:00+09:00,15,2,0,9,보통,1
POI017,132492,고투몰(강남터미널 지하쇼핑몰),인구밀집지역,,127.0050517,37.5062203,2026-09-30 15:05:00+09:00,15,2,0,9,약간 붐빔,2
POI018,4013050,정관장 교대역점,인구밀집지역,,127.0187109,37.4954932,2026-09-30 15:05:00+09:00,15,2,0,9,약간 붐빔,2
POI019,3307273,올리브영 구로디지털단지역점,인구밀집지역,,126.9030763,37.4840660,2026-09-30 15:05:00+09:00,15,2,0,9,약간 붐빔,2
POI020,3305737,헤지스종합관 NC 신구로점,인구밀집지역,,126.8827730,37.5011601,2026-09-30 15:05:00+09:00,15,2,0,9,여유,0
POI021,2930912,올리브영 군자역점,인구밀집지역,,127.0789923,37.5568272,2026-09-30 15:05:00+09:00,15,2,0,9,여유,0
POI023,2037026,대림중앙시장,인구밀집지역,,126.8997025,37.4916032,2026-09-30 15:05:00+09:00,15,2,0,9,여유,0
POI024,1906334,동대문역사문화공원,관광지,12,127.0095710,37.5661076,2026-09-30 15:05:00+09:00,15,2,0,9,보통,1
POI025,4025740,다이소 뚝섬역점,인구밀집지역,,127.0451244,37.5476939,2026-09-30 15:05:00+09:00,15,2,0,9,보통,1
POI026,4026771,JAJU 미아사거리역점,인구밀집지역,,127.0294532,37.6131436,2026-09-30 15:05:00+09:00,15,2,0,9,보통,1
POI027,4008169,다비치안경 발산역점,인구밀집지역,,126.8389032,37.5588597,2026-09-30 15:05:00+09:00,15,2,0,9,약간 붐빔,2
POI029,2918269,올리브영 사당역점,인구밀집지역,,126.9813996,37.4746718,2026-09-30 15:05:00+09:00,15,2,0,9,여유,0
POI030,130431,전쟁기념관,문화시설,14,126.9784385,37.5373271,2026-09-30 15:05:00+09:00,15,2,0,9,여유,0
POI031,3306647,ABC마트 ST 서울대입구역점,인구밀집지역,,126.9529494,37.4805127,2026-09-30 15:05:00+09:00,15,2,0,9,여유,0
POI032,2589349,서울식물원,인구밀집지역,,126.8360145,37.5692236,2026-09-30 15:05:00+09:00,15,2,0,9,보통,1
POI033,130361,서울역사박물관,문화시설,14,126.9707772,37.5698982,2026-09-30 15:05:00+09:00,15,2,0,9,약간 붐빔,2
POI034,2906647,올리브영 선릉역점,인구밀집지역,,127.0483036,37.5052785,2026-09-30 15:05:00+09:00,15,2,0,9,약간 붐빔,2
POI035,3306806,올리브영 성신여대입구역점,인구밀집지역,,127.0159782,37.5937321,2026-09-30 15:05:00+09:00,15,2,0,9,여유,0
POI036,4026769,세컨아이즈 수유역점,인구밀집지역,,127.0270330,37.6386748,2026-09-30 15:05:00+09:00,15,2,0,9,여유,0
POI037,3305302,올리브영 신논현역점,인구밀집지역,,127.0250313,37.5046342,2026-09-30 15:05:00+09:00,15,2,0,9,보통,1
POI038,3307250,정관장 신도림역점,인구밀집지역,,126.8890714,37.5052235,2026-09-30 15:05:00+09:00,15,2,0,9,보통,1
POI039,2909517,올리브영 신림역점,인구밀집지역,,126.9299488,37.4855072,2026-09-30 15:05:00+09:00,15,2,0,9,여유,0
POI040,3023167,브라운스위트 신촌센트럴,인구밀집지역,,126.9356086,37.5547215,2026-09-30 15:05:00+09:00,15,2,0,9,여유,0
POI041,4025615,으뜸50안경 양재역점,인구밀집지역,,127.0366745,37.4844742,2026-09-30 15:05:00+09:00,15,2,0,9,보통,1
POI042,2911908,올리브영 역삼역점,인구밀집지역,,127.0343038,37.4996398,2026-09-30 15:05:00+09:00,15,2,0,9,보통,1
POI043,2925802,ABC마트 ST 연신내역점,인구밀집지역,,126.9203863,37.6182861,2026-09-30 15:05:00+09:00,15,2,0,9,여유,0
POI044,131434,목동사격장,인구밀집지역,,126.8799280,37.5308340,2026-09-30 15:05:00+09:00,15,2,0,9,여유,0
POI045,2910272,엔터식스 왕십리역점,인구밀집지역,,127.0383942,37.5614418,2026-09-30 15:05:00+09:00,15,2,0,9,여유,0
POI046,2758150,용산역광장,인구밀집지역,,126.9647566,37.5298249,2026-09-30 15:05:00+09:00,15,2,0,9,약간 붐빔,2
POI047,2910593,러쉬 이태원역점,인구밀집지역,,126.9937352,37.5348144,2026-09-30 15:05:00+09:00,15,2,0,9,여유,0
POI048,2924746,올리브영 현대아울렛 가든파이브점,인구밀집지역,,127.1249618,37.4776148,2026-09-30 15:05:00+09:00,15,2,0,9,보통,1
POI049,2907221,올리브영 장한평역점,인구밀집지역,,127.0645738,37.5621355,2026-09-30 15:05:00+09:00,15,2,0,9,보통,1
POI050,4027140,롯데하이마트 천호역점,인구밀집지역,,127.1225567,37.5372303,2026-09-30 15:05:00+09:00,15,2,0,9,여유,0
POI051,4027111,아트박스 이수역점,인구밀집지역,,126.9802810,37.4850769,2026-09-30 15:05:00+09:00,15,2,0,9,여유,0
POI052,250330,서울 약현성당,인구밀집지역,,126.9674195,37.5591438,2026-09-30 15:05:00+09:00,15,2,0,9,여유,0
POI053,3076199,NOL 씨어터 합정,인구밀집지역,,126.9142940,37.5511270,2026-09-30 15:05:00+09:00,15,2,0,9,여유,0
POI054,3306639,올리브영 혜화역점,인구밀집지역,,127.0022496,37.5821889,2026-09-30 15:05:00+09:00,15,2,0,9,약간 붐빔,2
POI055,2911133,올리브영 홍대입구역점,인구밀집지역,,126.9234466,37.5561131,2026-09-30 15:05:00+09:00,15,2,0,9,보통,1
POI056,4008866,365회기역약국,인구밀집지역,,127.0574416,37.5901851,2026-09-30 15:05:00+09:00,15,2,0,9,여유,0
POI058,4009200,올리브영 가락시장역점,발달상권,,127.1200525,37.4935862,2026-09-30 15:05:00+09:00,15,2,0,9,여유,0
POI059,987720,신사동 가로수길,관광지,12,127.0227572,37.5197049,2026-09-30 15:05:00+09:00,15,2,0,9,보통,1
POI060,132183,광장시장,쇼핑,38,126.9997218,37.5701653,2026-09-30 15:05:00+09:00,15,2,0,9,보통,1
POI061,1535690,롯데몰 김포공항점,쇼핑,38,126.8015845,37.5621960,2026-09-30 15:05:00+09:00,15,2,0,9,여유,0
POI063,132216,노량진수산물도매시장,쇼핑,38,126.9368207,37.5148539,2026-09-30 15:05:00+09:00,15,2,0,9,여유,0
POI064,2778454,정동길,발달상권,,126.9696135,37.5679539,2026-09-30 15:05:00+09:00,15,2,0,9,여유,0
POI066,126537,북촌한옥마을,관광지,12,126.9867060,37.5790529,2026-09-30 15:05:00+09:00,15,2,0,9,여유,0
POI067,3097714,서촌라운지,발달상권,,126.9688799,37.5785416,2026-09-30 15:05:00+09:00,15,2,0,9,보통,1
POI068,2930901,성수동 카페거리,발달상권,,127.0566146,37.5432528,2026-09-30 15:05:00+09:00,15,2,0,9,보통,1
POI070,4011885,올리브영 쌍문역점,인구밀집지역,,127.0348872,37.6483536,2026-09-30 15:05:00+09:00,15,2,0,9,보통,1
POI071,126823,압구정 로데오거리,발달상권,,127.0388972,37.5268766,2026-09-30 15:05:00+09:00,15,2,0,9,보통,1
POI072,1327006,메리어트 이그제큐티브 아파트먼트 서울 여의도,발달상권,,126.9186194,37.5212668,2026-09-30 15:05:00+09:00,15,2,0,9,보통,1
POI073,2500201,연남동 공방거리,관광지,12,126.9236206,37.5623010,2026-09-30 15:05:00+09:00,15,2,0,9,여유,0
POI074,3305278,올리브영 영등포타임스퀘어점,발달상권,,126.9037160,37.5172333,2026-09-30 15:05:00+09:00,15,2,0,9,보통,1
POI076,2773303,아모레퍼시픽미술관,발달상권,,126.9686896,37.5288446,2026-09-30 15:05:00+09:00,15,2,0,9,여유,0
POI077,1019182,이태원 앤틱 가구거리,발달상권,,126.9943340,37.5335170,2026-09-30 15:05:00+09:00,15,2,0,9,여유,0
POI078,2392535,다이나믹 메이즈 인사동,발달상권,,126.9872367,37.5719399,2026-09-30 15:05:00+09:00,15,2,0,9,보통,1
POI080,1310950,청담패션거리,발달상권,,127.0443162,37.5255519,2026-09-30 15:05:00+09:00,15,2,0,9,붐빔,3
POI081,948730,경동시장,발달상권,,127.0391402,37.5790354,2026-09-30 15:05:00+09:00,15,2,0,9,여유,0
POI082,2385683,서울 해방촌의 이국적인 맛집을 찾아서,발달상권,,126.9831046,37.5447208,2026-09-30 15:05:00+09:00,15,2,0,9,여유,0
POI083,2470006,동대문디자인플라자(DDP),관광지,12,127.0095710,37.5661076,2026-09-30 15:05:00+09:00,15,2,0,9,보통,1
POI084,3082446,키즈돌핀 서대문DMC점,레포츠,28,126.9083161,37.5729189,2026-09-30 15:05:00+09:00,15,2,0,9,보통,1
POI085,2733968,강서한강공원,공원,,126.8171452,37.5860415,2026-09-30 15:05:00+09:00,15,2,0,9,여유,0
POI086,2591873,고척 스카이돔,레포츠,28,126.8668970,37.4992129,2026-09-30 15:05:00+09:00,15,2,0,9,보통,1
POI087,250252,광나루한강공원,공원,,127.1222640,37.5500199,2026-09-30 15:05:00+09:00,15,2,0,9,여유,0
POI088,775394,광화문광장,공원,,126.9769710,37.5727035,2026-09-30 15:05:00+09:00,15,2,0,9,보통,1
POI089,1604580,국립중앙박물관 전통염료식물원,관광지,12,126.9791278,37.5211706,2026-09-30 15:05:00+09:00,15,2,0,9,보통,1
POI090,127859,난지한강공원,관광지,12,126.8851546,37.5630252,2026-09-30 15:05:00+09:00,15,2,0,9,여유,0
POI091,126485,남산공원(서울),공원,,126.9922312,37.5556863,2026-09-30 15:05:00+09:00,15,2,0,9,약간 붐빔,2
POI092,2638475,노들섬,공원,,126.9580520,37.5177179,2026-09-30 15:05:00+09:00,15,2,0,9,여유,0
POI093,1030763,뚝섬한강공원,관광지,12,127.0739939,37.5294186,2026-09-30 15:05:00+09:00,15,2,0,9,여유,0
POI094,1059638,망원한강공원,관광지,12,126.8999036,37.5523989,2026-09-30 15:05:00+09:00,15,2,0,9,여유,0
POI095,970138,반포한강공원,공원,,126.9927514,37.5076862,2026-09-30 15:05:00+09:00,15,2,0,9,여유,0
POI096,822384,북서울꿈의숲,관광지,12,127.0445440,37.6197243,2026-09-30 15:05:00+09:00,15,2,0,9,여유,0
POI098,2773409,서리풀공원,공원,,126.9997157,37.4908523,2026-09-30 15:05:00+09:00,15,2,0,9,붐빔,3
POI100,126712,서울대공원,공원,,127.0170994,37.4278367,2026-09-30 15:05:00+09:00,15,2,0,9,보통,1
POI101,128611,서울숲,공원,,127.0417984,37.5430716,2026-09-30 15:05:00+09:00,15,2,0,9,여유,0
POI102,742972,아차산 어울림정원,공원,,127.1012880,37.5519609,2026-09-30 15:05:00+09:00,15,2,0,9,여유,0
POI103,1059877,양화한강공원,공원,,126.9023815,37.5383339,2026-09-30 15:05:00+09:00,15,2,0,9,여유,0
POI104,126490,서울어린이대공원,공원,,127.0762793,37.5493552,2026-09-30 15:05:00+09:00,15,2,0,9,보통,1
POI105,1059479,여의도한강공원,관광지,12,126.9336096,37.5263998,2026-09-30 15:05:00+09:00,15,2,0,9,여유,0
POI106,3058015,월드컵공원 유아숲체험원,공원,,126.8911230,37.5674490,2026-09-30 15:05:00+09:00,15,2,0,9,여유,0
POI107,1874105,응봉산(서울),공원,,127.0298000,37.5482000,2026-09-30 15:05:00+09:00,15,2,0,9,여유,0
POI108,970636,이촌한강공원,공원,,126.9708512,37.5178206,2026-09-30 15:05:00+09:00,15,2,0,9,여유,0
POI109,1093200,서울종합운동장(잠실종합운동장),공원,,127.0736248,37.5147994,2026-09-30 15:05:00+09:00,15,2,0,9,여유,0
POI110,131318,잠실한강공원 잠실물놀이장,레포츠,28,127.0867514,37.5176813,2026-09-30 15:05:00+09:00,15,2,0,9,여유,0
POI111,970342,잠원한강공원,공원,,127.0122746,37.5207538,2026-09-30 15:05:00+09:00,15,2,0,9,여유,0
POI112,2792588,서울 서초 글램핑 청계산장,레포츠,28,127.0464404,37.4483609,2026-09-30 15:05:00+09:00,15,2,0,9,여유,0
POI115,132180,남대문시장,쇼핑,38,126.9776796,37.5592467,2026-09-30 15:05:00+09:00,15,2,0,9,약간 붐빔,2
POI116,2946228,익선동 한옥거리,발달상권,,126.9901420,37.5737675,2026-09-30 15:05:00+09:00,15,2,0,9,여유,0
POI117,2915164,올리브영 신정네거리역점,인구밀집지역,,126.8536835,37.5190714,2026-09-30 15:05:00+09:00,15,2,0,9,여유,0
POI118,3306465,아트박스 잠실새내점,인구밀집지역,,127.0866633,37.5085039,2026-09-30 15:05:00+09:00,15,2,0,9,여유,0
POI119,4009164,더샘 잠실역점,인구밀집지역,,127.1018579,37.5138593,2026-09-30 15:05:00+09:00,15,2,0,9,약간 붐빔,2
POI120,754052,석촌호수,발달상권,,127.0989440,37.5079160,2026-09-30 15:05:00+09:00,15,2,0,9,약간 붐빔,2
POI121,2994877,송리단길,발달상권,,127.1082358,37.5091382,2026-09-30 15:05:00+09:00,15,2,0,9,여유,0
POI122,264375,연세로,관광지,12,126.9365529,37.5557797,2026-09-30 15:05:00+09:00,15,2,0,9,여유,0
POI123,127940,보라매공원,공원,,126.9194911,37.4948921,2026-09-30 15:05:00+09:00,15,2,0,9,보통,1
POI124,128622,서대문독립공원,관광지,12,126.9573422,37.5746724,2026-09-30 15:05:00+09:00,15,2,0,9,여유,0
POI125,2591870,안양천 물놀이장,레포츠,28,126.8745155,37.5071537,2026-09-30 15:05:00+09:00,15,2,0,9,여유,0
POI126,525755,영등포 여의도 봄꽃축제,공원,,126.9226450,37.5320510,2026-09-30 15:05:00+09:00,15,2,0,9,약간 붐빔,2
POI127,2761797,올림픽공원피크닉장,공원,,127.1150682,37.5206093,2026-09-30 15:05:00+09:00,15,2,0,9,여유,0
POI128,2783698,홍제폭포,공원,,126.9376210,37.5806970,2026-09-30 15:05:00+09:00,15,2,0,9,여유,0
POI129,3056152,열린송현 녹지광장,공원,,126.9814000,37.5766000,2026-09-30 15:05:00+09:00,15,2,0,9,여유,0
POI130,2927404,다이소 서울시청광장점,인구밀집지역,,126.9766271,37.5647034,2026-09-30 15:05:00+09:00,15,2,0,9,보통,1
POI131,1951225,서울의 대문 숭례문과 그 주변의 사람들을 찾아,인구밀집지역,,126.9752993,37.5599855,2026-09-30 15:05:00+09:00,15,2,0,9,보통,1
POI001,2456536,강남 마이스 관광특구,관광지,12,127.0592180,37.5119176,2026-09-30 15:55:00+09:00,15,2,0,9,약간 붐빔,2
POI003,1957600,명동 남대문 북창동 다동무교동 관광특구,관광지,12,126.9753048,37.5599772,2026-09-30 15:55:00+09:00,15,2,0,9,보통,1
POI004,126999,이태원 관광특구,관광특구,,126.9906555,37.5339242,2026-09-30 15:55:00+09:00,15,2,0,9,약간 붐빔,2
POI005,2390484,잠실 관광특구 코스,관광특구,,127.1017973,37.5158429,2026-09-30 15:55:00+09:00,15,2,0,9,보통,1
POI006,3094138,샤오바오우육면 종로본점,음식점,39,126.9866397,37.5691374,2026-09-30 15:55:00+09:00,15,2,0,9,보통,1
POI007,3082405,홍대걷고싶은거리,관광특구,,126.9243070,37.5559990,2026-09-30 15:55:00+09:00,15,2,0,9,여유,0
POI008,2648460,경복궁 별빛야행,고궁·문화유산,,126.9767376,37.5760837,2026-09-30 15:55:00+09:00,15,2,0,9,보통,1
POI009,126512,광화문,고궁·문화유산,,126.9768042,37.5760726,2026-09-30 15:55:00+09:00,15,2,0,9,보통,1
POI010,126516,보신각터,관광지,12,126.9835760,37.5698151,2026-09-30 15:55:00+09:00,15,2,0,9,보통,1
POI011,126519,서울 암사동 유적,관광지,12,127.1306157,37.5591134,2026-09-30 15:55:00+09:00,15,2,0,9,여유,0
POI012,1604941,창덕궁 낙선재,고궁·문화유산,,126.9902446,37.5777032,2026-09-30 15:55:00+09:00,15,2,0,9,보통,1
POI013,2924339,올리브영 가산디지털단지역점,인구밀집지역,,126.8841211,37.4803939,2026-09-30 15:55:00+09:00,15,2,0,9,약간 붐빔,2
POI014,3383832,케미스트릿 강남역 페스티벌,인구밀집지역,,127.0257686,37.4996073,2026-09-30 15:55:00+09:00,15,2,0,9,약간 붐빔,2
POI015,4008823,건대입구역1번출구약국,인구밀집지역,,127.0689907,37.5408091,2026-09-30 15:55:00+09:00,15,2,0,9,여유,0
POI016,2907530,올리브영 고덕점,인구밀집지역,,127.1555047,37.5536237,2026-09-30 15:55:00+09:00,15,2,0,9,보통,1
POI017,132492,고투몰(강남터미널 지하쇼핑몰),인구밀집지역,,127.0050517,37.5062203,2026-09-30 15:55:00+09:00,15,2,0,9,약간 붐빔,2
POI018,4013050,정관장 교대역점,인구밀집지역,,127.0187109,37.4954932,2026-09-30 15:55:00+09:00,15,2,0,9,약간 붐빔,2
POI019,3307273,올리브영 구로디지털단지역점,인구밀집지역,,126.9030763,37.4840660,2026-09-30 15:55:00+09:00,15,2,0,9,약간 붐빔,2
POI020,3305737,헤지스종합관 NC 신구로점,인구밀집지역,,126.8827730,37.5011601,2026-09-30 15:55:00+09:00,15,2,0,9,여유,0
POI021,2930912,올리브영 군자역점,인구밀집지역,,127.0789923,37.5568272,2026-09-30 15:55:00+09:00,15,2,0,9,여유,0
POI023,2037026,대림중앙시장,인구밀집지역,,126.8997025,37.4916032,2026-09-30 15:55:00+09:00,15,2,0,9,여유,0
POI024,1906334,동대문역사문화공원,관광지,12,127.0095710,37.5661076,2026-09-30 15:55:00+09:00,15,2,0,9,보통,1
POI025,4025740,다이소 뚝섬역점,인구밀집지역,,127.0451244,37.5476939,2026-09-30 15:55:00+09:00,15,2,0,9,보통,1
POI026,4026771,JAJU 미아사거리역점,인구밀집지역,,127.0294532,37.6131436,2026-09-30 15:55:00+09:00,15,2,0,9,보통,1
POI027,4008169,다비치안경 발산역점,인구밀집지역,,126.8389032,37.5588597,2026-09-30 15:55:00+09:00,15,2,0,9,보통,1
POI029,2918269,올리브영 사당역점,인구밀집지역,,126.9813996,37.4746718,2026-09-30 15:55:00+09:00,15,2,0,9,여유,0
POI030,130431,전쟁기념관,문화시설,14,126.9784385,37.5373271,2026-09-30 15:55:00+09:00,15,2,0,9,여유,0
POI031,3306647,ABC마트 ST 서울대입구역점,인구밀집지역,,126.9529494,37.4805127,2026-09-30 15:55:00+09:00,15,2,0,9,여유,0
POI032,2589349,서울식물원,인구밀집지역,,126.8360145,37.5692236,2026-09-30 15:55:00+09:00,15,2,0,9,보통,1
POI033,130361,서울역사박물관,문화시설,14,126.9707772,37.5698982,2026-09-30 15:55:00+09:00,15,2,0,9,약간 붐빔,2
POI034,2906647,올리브영 선릉역점,인구밀집지역,,127.0483036,37.5052785,2026-09-30 15:55:00+09:00,15,2,0,9,약간 붐빔,2
POI035,3306806,올리브영 성신여대입구역점,인구밀집지역,,127.0159782,37.5937321,2026-09-30 15:55:00+09:00,15,2,0,9,여유,0
POI036,4026769,세컨아이즈 수유역점,인구밀집지역,,127.0270330,37.6386748,2026-09-30 15:55:00+09:00,15,2,0,9,여유,0
POI037,3305302,올리브영 신논현역점,인구밀집지역,,127.0250313,37.5046342,2026-09-30 15:55:00+09:00,15,2,0,9,보통,1
POI038,3307250,정관장 신도림역점,인구밀집지역,,126.8890714,37.5052235,2026-09-30 15:55:00+09:00,15,2,0,9,보통,1
POI039,2909517,올리브영 신림역점,인구밀집지역,,126.9299488,37.4855072,2026-09-30 15:55:00+09:00,15,2,0,9,여유,0
POI040,3023167,브라운스위트 신촌센트럴,인구밀집지역,,126.9356086,37.5547215,2026-09-30 15:55:00+09:00,15,2,0,9,보통,1
POI041,4025615,으뜸50안경 양재역점,인구밀집지역,,127.0366745,37.4844742,2026-09-30 15:55:00+09:00,15,2,0,9,보통,1
POI042,2911908,올리브영 역삼역점,인구밀집지역,,127.0343038,37.4996398,2026-09-30 15:55:00+09:00,15,2,0,9,보통,1
POI043,2925802,ABC마트 ST 연신내역점,인구밀집지역,,126.9203863,37.6182861,2026-09-30 15:55:00+09:00,15,2,0,9,여유,0
POI044,131434,목동사격장,인구밀집지역,,126.8799280,37.5308340,2026-09-30 15:55:00+09:00,15,2,0,9,여유,0
POI045,2910272,엔터식스 왕십리역점,인구밀집지역,,127.0383942,37.5614418,2026-09-30 15:55:00+09:00,15,2,0,9,여유,0
POI046,2758150,용산역광장,인구밀집지역,,126.9647566,37.5298249,2026-09-30 15:55:00+09:00,15,2,0,9,약간 붐빔,2
POI047,2910593,러쉬 이태원역점,인구밀집지역,,126.9937352,37.5348144,2026-09-30 15:55:00+09:00,15,2,0,9,여유,0
POI048,2924746,올리브영 현대아울렛 가든파이브점,인구밀집지역,,127.1249618,37.4776148,2026-09-30 15:55:00+09:00,15,2,0,9,보통,1
POI049,2907221,올리브영 장한평역점,인구밀집지역,,127.0645738,37.5621355,2026-09-30 15:55:00+09:00,15,2,0,9,보통,1
POI050,4027140,롯데하이마트 천호역점,인구밀집지역,,127.1225567,37.5372303,2026-09-30 15:55:00+09:00,15,2,0,9,여유,0
POI051,4027111,아트박스 이수역점,인구밀집지역,,126.9802810,37.4850769,2026-09-30 15:55:00+09:00,15,2,0,9,여유,0
POI052,250330,서울 약현성당,인구밀집지역,,126.9674195,37.5591438,2026-09-30 15:55:00+09:00,15,2,0,9,여유,0
POI053,3076199,NOL 씨어터 합정,인구밀집지역,,126.9142940,37.5511270,2026-09-30 15:55:00+09:00,15,2,0,9,여유,0
POI054,3306639,올리브영 혜화역점,인구밀집지역,,127.0022496,37.5821889,2026-09-30 15:55:00+09:00,15,2,0,9,약간 붐빔,2
POI055,2911133,올리브영 홍대입구역점,인구밀집지역,,126.9234466,37.5561131,2026-09-30 15:55:00+09:00,15,2,0,9,약간 붐빔,2
POI056,4008866,365회기역약국,인구밀집지역,,127.0574416,37.5901851,2026-09-30 15:55:00+09:00,15,2,0,9,여유,0
POI058,4009200,올리브영 가락시장역점,발달상권,,127.1200525,37.4935862,2026-09-30 15:55:00+09:00,15,2,0,9,여유,0
POI059,987720,신사동 가로수길,관광지,12,127.0227572,37.5197049,2026-09-30 15:55:00+09:00,15,2,0,9,보통,1
POI060,132183,광장시장,쇼핑,38,126.9997218,37.5701653,2026-09-30 15:55:00+09:00,15,2,0,9,보통,1
POI061,1535690,롯데몰 김포공항점,쇼핑,38,126.8015845,37.5621960,2026-09-30 15:55:00+09:00,15,2,0,9,여유,0
POI063,132216,노량진수산물도매시장,쇼핑,38,126.9368207,37.5148539,2026-09-30 15:55:00+09:00,15,2,0,9,여유,0
POI064,2778454,정동길,발달상권,,126.9696135,37.5679539,2026-09-30 15:55:00+09:00,15,2,0,9,보통,1
POI066,126537,북촌한옥마을,관광지,12,126.9867060,37.5790529,2026-09-30 15:55:00+09:00,15,2,0,9,여유,0
POI067,3097714,서촌라운지,발달상권,,126.9688799,37.5785416,2026-09-30 15:55:00+09:00,15,2,0,9,보통,1
POI068,2930901,성수동 카페거리,발달상권,,127.0566146,37.5432528,2026-09-30 15:55:00+09:00,15,2,0,9,보통,1
POI070,4011885,올리브영 쌍문역점,인구밀집지역,,127.0348872,37.6483536,2026-09-30 15:55:00+09:00,15,2,0,9,보통,1
POI071,126823,압구정 로데오거리,발달상권,,127.0388972,37.5268766,2026-09-30 15:55:00+09:00,15,2,0,9,약간 붐빔,2
POI072,1327006,메리어트 이그제큐티브 아파트먼트 서울 여의도,발달상권,,126.9186194,37.5212668,2026-09-30 15:55:00+09:00,15,2,0,9,보통,1
POI073,2500201,연남동 공방거리,관광지,12,126.9236206,37.5623010,2026-09-30 15:55:00+09:00,15,2,0,9,여유,0
POI074,3305278,올리브영 영등포타임스퀘어점,발달상권,,126.9037160,37.5172333,2026-09-30 15:55:00+09:00,15,2,0,9,보통,1
POI076,2773303,아모레퍼시픽미술관,발달상권,,126.9686896,37.5288446,2026-09-30 15:55:00+09:00,15,2,0,9,보통,1
POI077,1019182,이태원 앤틱 가구거리,발달상권,,126.9943340,37.5335170,2026-09-30 15:55:00+09:00,15,2,0,9,여유,0
POI078,2392535,다이나믹 메이즈 인사동,발달상권,,126.9872367,37.5719399,2026-09-30 15:55:00+09:00,15,2,0,9,보통,1
POI080,1310950,청담패션거리,발달상권,,127.0443162,37.5255519,2026-09-30 15:55:00+09:00,15,2,0,9,붐빔,3
POI081,948730,경동시장,발달상권,,127.0391402,37.5790354,2026-09-30 15:55:00+09:00,15,2,0,9,여유,0
POI082,2385683,서울 해방촌의 이국적인 맛집을 찾아서,발달상권,,126.9831046,37.5447208,2026-09-30 15:55:00+09:00,15,2,0,9,여유,0
POI083,2470006,동대문디자인플라자(DDP),관광지,12,127.0095710,37.5661076,2026-09-30 15:55:00+09:00,15,2,0,9,보통,1
POI084,3082446,키즈돌핀 서대문DMC점,레포츠,28,126.9083161,37.5729189,2026-09-30 15:55:00+09:00,15,2,0,9,보통,1
POI085,2733968,강서한강공원,공원,,126.8171452,37.5860415,2026-09-30 15:55:00+09:00,15,2,0,9,여유,0
POI086,2591873,고척 스카이돔,레포츠,28,126.8668970,37.4992129,2026-09-30 15:55:00+09:00,15,2,0,9,여유,0
POI087,250252,광나루한강공원,공원,,127.1222640,37.5500199,2026-09-30 15:55:00+09:00,15,2,0,9,여유,0
POI088,775394,광화문광장,공원,,126.9769710,37.5727035,2026-09-30 15:55:00+09:00,15,2,0,9,보통,1
POI089,1604580,국립중앙박물관 전통염료식물원,관광지,12,126.9791278,37.5211706,2026-09-30 15:55:00+09:00,15,2,0,9,약간 붐빔,2
POI090,127859,난지한강공원,관광지,12,126.8851546,37.5630252,2026-09-30 15:55:00+09:00,15,2,0,9,여유,0
POI091,126485,남산공원(서울),공원,,126.9922312,37.5556863,2026-09-30 15:55:00+09:00,15,2,0,9,보통,1
POI092,2638475,노들섬,공원,,126.9580520,37.5177179,2026-09-30 15:55:00+09:00,15,2,0,9,여유,0
POI093,1030763,뚝섬한강공원,관광지,12,127.0739939,37.5294186,2026-09-30 15:55:00+09:00,15,2,0,9,여유,0
POI094,1059638,망원한강공원,관광지,12,126.8999036,37.5523989,2026-09-30 15:55:00+09:00,15,2,0,9,여유,0
POI095,970138,반포한강공원,공원,,126.9927514,37.5076862,2026-09-30 15:55:00+09:00,15,2,0,9,여유,0
POI096,822384,북서울꿈의숲,관광지,12,127.0445440,37.6197243,2026-09-30 15:55:00+09:00,15,2,0,9,여유,0
POI098,2773409,서리풀공원,공원,,126.9997157,37.4908523,2026-09-30 15:55:00+09:00,15,2,0,9,붐빔,3
POI100,126712,서울대공원,공원,,127.0170994,37.4278367,2026-09-30 15:55:00+09:00,15,2,0,9,보통,1
POI101,128611,서울숲,공원,,127.0417984,37.5430716,2026-09-30 15:55:00+09:00,15,2,0,9,여유,0
POI102,742972,아차산 어울림정원,공원,,127.1012880,37.5519609,2026-09-30 15:55:00+09:00,15,2,0,9,여유,0
POI103,1059877,양화한강공원,공원,,126.9023815,37.5383339,2026-09-30 15:55:00+09:00,15,2,0,9,여유,0
POI104,126490,서울어린이대공원,공원,,127.0762793,37.5493552,2026-09-30 15:55:00+09:00,15,2,0,9,보통,1
POI105,1059479,여의도한강공원,관광지,12,126.9336096,37.5263998,2026-09-30 15:55:00+09:00,15,2,0,9,여유,0
POI106,3058015,월드컵공원 유아숲체험원,공원,,126.8911230,37.5674490,2026-09-30 15:55:00+09:00,15,2,0,9,여유,0
POI107,1874105,응봉산(서울),공원,,127.0298000,37.5482000,2026-09-30 15:55:00+09:00,15,2,0,9,여유,0
POI108,970636,이촌한강공원,공원,,126.9708512,37.5178206,2026-09-30 15:55:00+09:00,15,2,0,9,여유,0
POI109,1093200,서울종합운동장(잠실종합운동장),공원,,127.0736248,37.5147994,2026-09-30 15:55:00+09:00,15,2,0,9,여유,0
POI110,131318,잠실한강공원 잠실물놀이장,레포츠,28,127.0867514,37.5176813,2026-09-30 15:55:00+09:00,15,2,0,9,여유,0
POI111,970342,잠원한강공원,공원,,127.0122746,37.5207538,2026-09-30 15:55:00+09:00,15,2,0,9,여유,0
POI112,2792588,서울 서초 글램핑 청계산장,레포츠,28,127.0464404,37.4483609,2026-09-30 15:55:00+09:00,15,2,0,9,여유,0
POI115,132180,남대문시장,쇼핑,38,126.9776796,37.5592467,2026-09-30 15:55:00+09:00,15,2,0,9,붐빔,3
POI116,2946228,익선동 한옥거리,발달상권,,126.9901420,37.5737675,2026-09-30 15:55:00+09:00,15,2,0,9,보통,1
POI117,2915164,올리브영 신정네거리역점,인구밀집지역,,126.8536835,37.5190714,2026-09-30 15:55:00+09:00,15,2,0,9,여유,0
POI118,3306465,아트박스 잠실새내점,인구밀집지역,,127.0866633,37.5085039,2026-09-30 15:55:00+09:00,15,2,0,9,여유,0
POI119,4009164,더샘 잠실역점,인구밀집지역,,127.1018579,37.5138593,2026-09-30 15:55:00+09:00,15,2,0,9,약간 붐빔,2
POI120,754052,석촌호수,발달상권,,127.0989440,37.5079160,2026-09-30 15:55:00+09:00,15,2,0,9,보통,1
POI121,2994877,송리단길,발달상권,,127.1082358,37.5091382,2026-09-30 15:55:00+09:00,15,2,0,9,여유,0
POI122,264375,연세로,관광지,12,126.9365529,37.5557797,2026-09-30 15:55:00+09:00,15,2,0,9,여유,0
POI123,127940,보라매공원,공원,,126.9194911,37.4948921,2026-09-30 15:55:00+09:00,15,2,0,9,보통,1
POI124,128622,서대문독립공원,관광지,12,126.9573422,37.5746724,2026-09-30 15:55:00+09:00,15,2,0,9,보통,1
POI125,2591870,안양천 물놀이장,레포츠,28,126.8745155,37.5071537,2026-09-30 15:55:00+09:00,15,2,0,9,여유,0
POI126,525755,영등포 여의도 봄꽃축제,공원,,126.9226450,37.5320510,2026-09-30 15:55:00+09:00,15,2,0,9,약간 붐빔,2
POI127,2761797,올림픽공원피크닉장,공원,,127.1150682,37.5206093,2026-09-30 15:55:00+09:00,15,2,0,9,여유,0
POI128,2783698,홍제폭포,공원,,126.9376210,37.5806970,2026-09-30 15:55:00+09:00,15,2,0,9,여유,0
POI129,3056152,열린송현 녹지광장,공원,,126.9814000,37.5766000,2026-09-30 15:55:00+09:00,15,2,0,9,여유,0
POI130,2927404,다이소 서울시청광장점,인구밀집지역,,126.9766271,37.5647034,2026-09-30 15:55:00+09:00,15,2,0,9,보통,1
POI131,1951225,서울의 대문 숭례문과 그 주변의 사람들을 찾아,인구밀집지역,,126.9752993,37.5599855,2026-09-30 15:55:00+09:00,15,2,0,9,보통,1
POI001,2456536,강남 마이스 관광특구,관광지,12,127.0592180,37.5119176,2026-09-30 17:10:00+09:00,17,2,0,9,보통,1
POI003,1957600,명동 남대문 북창동 다동무교동 관광특구,관광지,12,126.9753048,37.5599772,2026-09-30 17:10:00+09:00,17,2,0,9,보통,1
POI004,126999,이태원 관광특구,관광특구,,126.9906555,37.5339242,2026-09-30 17:10:00+09:00,17,2,0,9,보통,1
POI005,2390484,잠실 관광특구 코스,관광특구,,127.1017973,37.5158429,2026-09-30 17:10:00+09:00,17,2,0,9,보통,1
POI006,3094138,샤오바오우육면 종로본점,음식점,39,126.9866397,37.5691374,2026-09-30 17:10:00+09:00,17,2,0,9,보통,1
POI007,3082405,홍대걷고싶은거리,관광특구,,126.9243070,37.5559990,2026-09-30 17:10:00+09:00,17,2,0,9,보통,1
POI008,2648460,경복궁 별빛야행,고궁·문화유산,,126.9767376,37.5760837,2026-09-30 17:10:00+09:00,17,2,0,9,보통,1
POI009,126512,광화문,고궁·문화유산,,126.9768042,37.5760726,2026-09-30 17:10:00+09:00,17,2,0,9,보통,1
POI010,126516,보신각터,관광지,12,126.9835760,37.5698151,2026-09-30 17:10:00+09:00,17,2,0,9,보통,1
POI011,126519,서울 암사동 유적,관광지,12,127.1306157,37.5591134,2026-09-30 17:10:00+09:00,17,2,0,9,여유,0
POI012,1604941,창덕궁 낙선재,고궁·문화유산,,126.9902446,37.5777032,2026-09-30 17:10:00+09:00,17,2,0,9,보통,1
POI013,2924339,올리브영 가산디지털단지역점,인구밀집지역,,126.8841211,37.4803939,2026-09-30 17:10:00+09:00,17,2,0,9,보통,1
POI014,3383832,케미스트릿 강남역 페스티벌,인구밀집지역,,127.0257686,37.4996073,2026-09-30 17:10:00+09:00,17,2,0,9,약간 붐빔,2
POI015,4008823,건대입구역1번출구약국,인구밀집지역,,127.0689907,37.5408091,2026-09-30 17:10:00+09:00,17,2,0,9,여유,0
POI016,2907530,올리브영 고덕점,인구밀집지역,,127.1555047,37.5536237,2026-09-30 17:10:00+09:00,17,2,0,9,보통,1
POI017,132492,고투몰(강남터미널 지하쇼핑몰),인구밀집지역,,127.0050517,37.5062203,2026-09-30 17:10:00+09:00,17,2,0,9,약간 붐빔,2
POI018,4013050,정관장 교대역점,인구밀집지역,,127.0187109,37.4954932,2026-09-30 17:10:00+09:00,17,2,0,9,보통,1
POI019,3307273,올리브영 구로디지털단지역점,인구밀집지역,,126.9030763,37.4840660,2026-09-30 17:10:00+09:00,17,2,0,9,약간 붐빔,2
POI020,3305737,헤지스종합관 NC 신구로점,인구밀집지역,,126.8827730,37.5011601,2026-09-30 17:10:00+09:00,17,2,0,9,여유,0
POI021,2930912,올리브영 군자역점,인구밀집지역,,127.0789923,37.5568272,2026-09-30 17:10:00+09:00,17,2,0,9,보통,1
POI023,2037026,대림중앙시장,인구밀집지역,,126.8997025,37.4916032,2026-09-30 17:10:00+09:00,17,2,0,9,여유,0
POI024,1906334,동대문역사문화공원,관광지,12,127.0095710,37.5661076,2026-09-30 17:10:00+09:00,17,2,0,9,약간 붐빔,2
POI025,4025740,다이소 뚝섬역점,인구밀집지역,,127.0451244,37.5476939,2026-09-30 17:10:00+09:00,17,2,0,9,여유,0
POI026,4026771,JAJU 미아사거리역점,인구밀집지역,,127.0294532,37.6131436,2026-09-30 17:10:00+09:00,17,2,0,9,보통,1
POI027,4008169,다비치안경 발산역점,인구밀집지역,,126.8389032,37.5588597,2026-09-30 17:10:00+09:00,17,2,0,9,보통,1
POI029,2918269,올리브영 사당역점,인구밀집지역,,126.9813996,37.4746718,2026-09-30 17:10:00+09:00,17,2,0,9,여유,0
POI030,130431,전쟁기념관,문화시설,14,126.9784385,37.5373271,2026-09-30 17:10:00+09:00,17,2,0,9,여유,0
POI031,3306647,ABC마트 ST 서울대입구역점,인구밀집지역,,126.9529494,37.4805127,2026-09-30 17:10:00+09:00,17,2,0,9,여유,0
POI032,2589349,서울식물원,인구밀집지역,,126.8360145,37.5692236,2026-09-30 17:10:00+09:00,17,2,0,9,여유,0
POI033,130361,서울역사박물관,문화시설,14,126.9707772,37.5698982,2026-09-30 17:10:00+09:00,17,2,0,9,보통,1
POI034,2906647,올리브영 선릉역점,인구밀집지역,,127.0483036,37.5052785,2026-09-30 17:10:00+09:00,17,2,0,9,보통,1
POI035,3306806,올리브영 성신여대입구역점,인구밀집지역,,127.0159782,37.5937321,2026-09-30 17:10:00+09:00,17,2,0,9,보통,1
POI036,4026769,세컨아이즈 수유역점,인구밀집지역,,127.0270330,37.6386748,2026-09-30 17:10:00+09:00,17,2,0,9,여유,0
POI037,3305302,올리브영 신논현역점,인구밀집지역,,127.0250313,37.5046342,2026-09-30 17:10:00+09:00,17,2,0,9,보통,1
POI038,3307250,정관장 신도림역점,인구밀집지역,,126.8890714,37.5052235,2026-09-30 17:10:00+09:00,17,2,0,9,보통,1
POI039,2909517,올리브영 신림역점,인구밀집지역,,126.9299488,37.4855072,2026-09-30 17:10:00+09:00,17,2,0,9,여유,0
POI040,3023167,브라운스위트 신촌센트럴,인구밀집지역,,126.9356086,37.5547215,2026-09-30 17:10:00+09:00,17,2,0,9,여유,0
POI041,4025615,으뜸50안경 양재역점,인구밀집지역,,127.0366745,37.4844742,2026-09-30 17:10:00+09:00,17,2,0,9,보통,1
POI042,2911908,올리브영 역삼역점,인구밀집지역,,127.0343038,37.4996398,2026-09-30 17:10:00+09:00,17,2,0,9,보통,1
POI043,2925802,ABC마트 ST 연신내역점,인구밀집지역,,126.9203863,37.6182861,2026-09-30 17:10:00+09:00,17,2,0,9,여유,0
POI044,131434,목동사격장,인구밀집지역,,126.8799280,37.5308340,2026-09-30 17:10:00+09:00,17,2,0,9,여유,0
POI045,2910272,엔터식스 왕십리역점,인구밀집지역,,127.0383942,37.5614418,2026-09-30 17:10:00+09:00,17,2,0,9,여유,0
POI046,2758150,용산역광장,인구밀집지역,,126.9647566,37.5298249,2026-09-30 17:10:00+09:00,17,2,0,9,약간 붐빔,2
POI047,2910593,러쉬 이태원역점,인구밀집지역,,126.9937352,37.5348144,2026-09-30 17:10:00+09:00,17,2,0,9,여유,0
POI048,2924746,올리브영 현대아울렛 가든파이브점,인구밀집지역,,127.1249618,37.4776148,2026-09-30 17:10:00+09:00,17,2,0,9,보통,1
POI049,2907221,올리브영 장한평역점,인구밀집지역,,127.0645738,37.5621355,2026-09-30 17:10:00+09:00,17,2,0,9,약간 붐빔,2
POI050,4027140,롯데하이마트 천호역점,인구밀집지역,,127.1225567,37.5372303,2026-09-30 17:10:00+09:00,17,2,0,9,보통,1
POI051,4027111,아트박스 이수역점,인구밀집지역,,126.9802810,37.4850769,2026-09-30 17:10:00+09:00,17,2,0,9,보통,1
POI052,250330,서울 약현성당,인구밀집지역,,126.9674195,37.5591438,2026-09-30 17:10:00+09:00,17,2,0,9,여유,0
POI053,3076199,NOL 씨어터 합정,인구밀집지역,,126.9142940,37.5511270,2026-09-30 17:10:00+09:00,17,2,0,9,여유,0
POI054,3306639,올리브영 혜화역점,인구밀집지역,,127.0022496,37.5821889,2026-09-30 17:10:00+09:00,17,2,0,9,보통,1
POI055,2911133,올리브영 홍대입구역점,인구밀집지역,,126.9234466,37.5561131,2026-09-30 17:10:00+09:00,17,2,0,9,약간 붐빔,2
POI056,4008866,365회기역약국,인구밀집지역,,127.0574416,37.5901851,2026-09-30 17:10:00+09:00,17,2,0,9,여유,0
POI058,4009200,올리브영 가락시장역점,발달상권,,127.1200525,37.4935862,2026-09-30 17:10:00+09:00,17,2,0,9,여유,0
POI059,987720,신사동 가로수길,관광지,12,127.0227572,37.5197049,2026-09-30 17:10:00+09:00,17,2,0,9,보통,1
POI060,132183,광장시장,쇼핑,38,126.9997218,37.5701653,2026-09-30 17:10:00+09:00,17,2,0,9,여유,0
POI061,1535690,롯데몰 김포공항점,쇼핑,38,126.8015845,37.5621960,2026-09-30 17:10:00+09:00,17,2,0,9,약간 붐빔,2
POI063,132216,노량진수산물도매시장,쇼핑,38,126.9368207,37.5148539,2026-09-30 17:10:00+09:00,17,2,0,9,여유,0
POI064,2778454,정동길,발달상권,,126.9696135,37.5679539,2026-09-30 17:10:00+09:00,17,2,0,9,보통,1
POI066,126537,북촌한옥마을,관광지,12,126.9867060,37.5790529,2026-09-30 17:10:00+09:00,17,2,0,9,여유,0
POI067,3097714,서촌라운지,발달상권,,126.9688799,37.5785416,2026-09-30 17:10:00+09:00,17,2,0,9,여유,0
POI068,2930901,성수동 카페거리,발달상권,,127.0566146,37.5432528,2026-09-30 17:10:00+09:00,17,2,0,9,보통,1
POI070,4011885,올리브영 쌍문역점,인구밀집지역,,127.0348872,37.6483536,2026-09-30 17:10:00+09:00,17,2,0,9,약간 붐빔,2
POI071,126823,압구정 로데오거리,발달상권,,127.0388972,37.5268766,2026-09-30 17:10:00+09:00,17,2,0,9,여유,0
POI072,1327006,메리어트 이그제큐티브 아파트먼트 서울 여의도,발달상권,,126.9186194,37.5212668,2026-09-30 17:10:00+09:00,17,2,0,9,보통,1
POI073,2500201,연남동 공방거리,관광지,12,126.9236206,37.5623010,2026-09-30 17:10:00+09:00,17,2,0,9,여유,0
POI074,3305278,올리브영 영등포타임스퀘어점,발달상권,,126.9037160,37.5172333,2026-09-30 17:10:00+09:00,17,2,0,9,보통,1
POI076,2773303,아모레퍼시픽미술관,발달상권,,126.9686896,37.5288446,2026-09-30 17:10:00+09:00,17,2,0,9,여유,0
POI077,1019182,이태원 앤틱 가구거리,발달상권,,126.9943340,37.5335170,2026-09-30 17:10:00+09:00,17,2,0,9,여유,0
POI078,2392535,다이나믹 메이즈 인사동,발달상권,,126.9872367,37.5719399,2026-09-30 17:10:00+09:00,17,2,0,9,보통,1
POI080,1310950,청담패션거리,발달상권,,127.0443162,37.5255519,2026-09-30 17:10:00+09:00,17,2,0,9,약간 붐빔,2
POI081,948730,경동시장,발달상권,,127.0391402,37.5790354,2026-09-30 17:10:00+09:00,17,2,0,9,여유,0
POI082,2385683,서울 해방촌의 이국적인 맛집을 찾아서,발달상권,,126.9831046,37.5447208,2026-09-30 17:10:00+09:00,17,2,0,9,여유,0
POI083,2470006,동대문디자인플라자(DDP),관광지,12,127.0095710,37.5661076,2026-09-30 17:10:00+09:00,17,2,0,9,여유,0
POI084,3082446,키즈돌핀 서대문DMC점,레포츠,28,126.9083161,37.5729189,2026-09-30 17:10:00+09:00,17,2,0,9,보통,1
POI085,2733968,강서한강공원,공원,,126.8171452,37.5860415,2026-09-30 17:10:00+09:00,17,2,0,9,여유,0
POI086,2591873,고척 스카이돔,레포츠,28,126.8668970,37.4992129,2026-09-30 17:10:00+09:00,17,2,0,9,여유,0
POI087,250252,광나루한강공원,공원,,127.1222640,37.5500199,2026-09-30 17:10:00+09:00,17,2,0,9,보통,1
POI088,775394,광화문광장,공원,,126.9769710,37.5727035,2026-09-30 17:10:00+09:00,17,2,0,9,보통,1
POI089,1604580,국립중앙박물관 전통염료식물원,관광지,12,126.9791278,37.5211706,2026-09-30 17:10:00+09:00,17,2,0,9,여유,0
POI090,127859,난지한강공원,관광지,12,126.8851546,37.5630252,2026-09-30 17:10:00+09:00,17,2,0,9,여유,0
POI091,126485,남산공원(서울),공원,,126.9922312,37.5556863,2026-09-30 17:10:00+09:00,17,2,0,9,보통,1
POI092,2638475,노들섬,공원,,126.9580520,37.5177179,2026-09-30 17:10:00+09:00,17,2,0,9,여유,0
POI093,1030763,뚝섬한강공원,관광지,12,127.0739939,37.5294186,2026-09-30 17:10:00+09:00,17,2,0,9,여유,0
POI094,1059638,망원한강공원,관광지,12,126.8999036,37.5523989,2026-09-30 17:10:00+09:00,17,2,0,9,보통,1
POI095,970138,반포한강공원,공원,,126.9927514,37.5076862,2026-09-30 17:10:00+09:00,17,2,0,9,여유,0
POI096,822384,북서울꿈의숲,관광지,12,127.0445440,37.6197243,2026-09-30 17:10:00+09:00,17,2,0,9,여유,0
POI098,2773409,서리풀공원,공원,,126.9997157,37.4908523,2026-09-30 17:10:00+09:00,17,2,0,9,붐빔,3
POI100,126712,서울대공원,공원,,127.0170994,37.4278367,2026-09-30 17:10:00+09:00,17,2,0,9,보통,1
POI101,128611,서울숲,공원,,127.0417984,37.5430716,2026-09-30 17:10:00+09:00,17,2,0,9,여유,0
POI102,742972,아차산 어울림정원,공원,,127.1012880,37.5519609,2026-09-30 17:10:00+09:00,17,2,0,9,여유,0
POI103,1059877,양화한강공원,공원,,126.9023815,37.5383339,2026-09-30 17:10:00+09:00,17,2,0,9,여유,0
POI104,126490,서울어린이대공원,공원,,127.0762793,37.5493552,2026-09-30 17:10:00+09:00,17,2,0,9,보통,1
POI105,1059479,여의도한강공원,관광지,12,126.9336096,37.5263998,2026-09-30 17:10:00+09:00,17,2,0,9,여유,0
POI106,3058015,월드컵공원 유아숲체험원,공원,,126.8911230,37.5674490,2026-09-30 17:10:00+09:00,17,2,0,9,여유,0
POI107,1874105,응봉산(서울),공원,,127.0298000,37.5482000,2026-09-30 17:10:00+09:00,17,2,0,9,여유,0
POI108,970636,이촌한강공원,공원,,126.9708512,37.5178206,2026-09-30 17:10:00+09:00,17,2,0,9,여유,0
POI109,1093200,서울종합운동장(잠실종합운동장),공원,,127.0736248,37.5147994,2026-09-30 17:10:00+09:00,17,2,0,9,여유,0
POI110,131318,잠실한강공원 잠실물놀이장,레포츠,28,127.0867514,37.5176813,2026-09-30 17:10:00+09:00,17,2,0,9,여유,0
POI111,970342,잠원한강공원,공원,,127.0122746,37.5207538,2026-09-30 17:10:00+09:00,17,2,0,9,여유,0
POI112,2792588,서울 서초 글램핑 청계산장,레포츠,28,127.0464404,37.4483609,2026-09-30 17:10:00+09:00,17,2,0,9,여유,0
POI115,132180,남대문시장,쇼핑,38,126.9776796,37.5592467,2026-09-30 17:10:00+09:00,17,2,0,9,보통,1
POI116,2946228,익선동 한옥거리,발달상권,,126.9901420,37.5737675,2026-09-30 17:10:00+09:00,17,2,0,9,보통,1
POI117,2915164,올리브영 신정네거리역점,인구밀집지역,,126.8536835,37.5190714,2026-09-30 17:10:00+09:00,17,2,0,9,여유,0
POI118,3306465,아트박스 잠실새내점,인구밀집지역,,127.0866633,37.5085039,2026-09-30 17:10:00+09:00,17,2,0,9,보통,1
POI119,4009164,더샘 잠실역점,인구밀집지역,,127.1018579,37.5138593,2026-09-30 17:10:00+09:00,17,2,0,9,보통,1
POI120,754052,석촌호수,발달상권,,127.0989440,37.5079160,2026-09-30 17:10:00+09:00,17,2,0,9,보통,1
POI121,2994877,송리단길,발달상권,,127.1082358,37.5091382,2026-09-30 17:10:00+09:00,17,2,0,9,여유,0
POI122,264375,연세로,관광지,12,126.9365529,37.5557797,2026-09-30 17:10:00+09:00,17,2,0,9,여유,0
POI123,127940,보라매공원,공원,,126.9194911,37.4948921,2026-09-30 17:10:00+09:00,17,2,0,9,보통,1
POI124,128622,서대문독립공원,관광지,12,126.9573422,37.5746724,2026-09-30 17:10:00+09:00,17,2,0,9,보통,1
POI125,2591870,안양천 물놀이장,레포츠,28,126.8745155,37.5071537,2026-09-30 17:10:00+09:00,17,2,0,9,여유,0
POI126,525755,영등포 여의도 봄꽃축제,공원,,126.9226450,37.5320510,2026-09-30 17:10:00+09:00,17,2,0,9,여유,0
POI127,2761797,올림픽공원피크닉장,공원,,127.1150682,37.5206093,2026-09-30 17:10:00+09:00,17,2,0,9,여유,0
POI128,2783698,홍제폭포,공원,,126.9376210,37.5806970,2026-09-30 17:10:00+09:00,17,2,0,9,여유,0
POI129,3056152,열린송현 녹지광장,공원,,126.9814000,37.5766000,2026-09-30 17:10:00+09:00,17,2,0,9,여유,0
POI130,2927404,다이소 서울시청광장점,인구밀집지역,,126.9766271,37.5647034,2026-09-30 17:10:00+09:00,17,2,0,9,약간 붐빔,2
POI131,1951225,서울의 대문 숭례문과 그 주변의 사람들을 찾아,인구밀집지역,,126.9752993,37.5599855,2026-09-30 17:10:00+09:00,17,2,0,9,여유,0
POI001,2456536,강남 마이스 관광특구,관광지,12,127.0592180,37.5119176,2026-09-30 17:20:00+09:00,17,2,0,9,보통,1
POI003,1957600,명동 남대문 북창동 다동무교동 관광특구,관광지,12,126.9753048,37.5599772,2026-09-30 17:20:00+09:00,17,2,0,9,보통,1
POI004,126999,이태원 관광특구,관광특구,,126.9906555,37.5339242,2026-09-30 17:20:00+09:00,17,2,0,9,보통,1
POI005,2390484,잠실 관광특구 코스,관광특구,,127.1017973,37.5158429,2026-09-30 17:20:00+09:00,17,2,0,9,보통,1
POI006,3094138,샤오바오우육면 종로본점,음식점,39,126.9866397,37.5691374,2026-09-30 17:20:00+09:00,17,2,0,9,보통,1
POI007,3082405,홍대걷고싶은거리,관광특구,,126.9243070,37.5559990,2026-09-30 17:20:00+09:00,17,2,0,9,보통,1
POI008,2648460,경복궁 별빛야행,고궁·문화유산,,126.9767376,37.5760837,2026-09-30 17:20:00+09:00,17,2,0,9,여유,0
POI009,126512,광화문,고궁·문화유산,,126.9768042,37.5760726,2026-09-30 17:25:00+09:00,17,2,0,9,보통,1
POI010,126516,보신각터,관광지,12,126.9835760,37.5698151,2026-09-30 17:25:00+09:00,17,2,0,9,보통,1
POI011,126519,서울 암사동 유적,관광지,12,127.1306157,37.5591134,2026-09-30 17:25:00+09:00,17,2,0,9,여유,0
POI012,1604941,창덕궁 낙선재,고궁·문화유산,,126.9902446,37.5777032,2026-09-30 17:25:00+09:00,17,2,0,9,보통,1
POI013,2924339,올리브영 가산디지털단지역점,인구밀집지역,,126.8841211,37.4803939,2026-09-30 17:25:00+09:00,17,2,0,9,보통,1
POI014,3383832,케미스트릿 강남역 페스티벌,인구밀집지역,,127.0257686,37.4996073,2026-09-30 17:25:00+09:00,17,2,0,9,약간 붐빔,2
POI015,4008823,건대입구역1번출구약국,인구밀집지역,,127.0689907,37.5408091,2026-09-30 17:25:00+09:00,17,2,0,9,여유,0
POI016,2907530,올리브영 고덕점,인구밀집지역,,127.1555047,37.5536237,2026-09-30 17:25:00+09:00,17,2,0,9,보통,1
POI017,132492,고투몰(강남터미널 지하쇼핑몰),인구밀집지역,,127.0050517,37.5062203,2026-09-30 17:25:00+09:00,17,2,0,9,약간 붐빔,2
POI018,4013050,정관장 교대역점,인구밀집지역,,127.0187109,37.4954932,2026-09-30 17:25:00+09:00,17,2,0,9,보통,1
POI019,3307273,올리브영 구로디지털단지역점,인구밀집지역,,126.9030763,37.4840660,2026-09-30 17:25:00+09:00,17,2,0,9,보통,1
POI020,3305737,헤지스종합관 NC 신구로점,인구밀집지역,,126.8827730,37.5011601,2026-09-30 17:25:00+09:00,17,2,0,9,보통,1
POI021,2930912,올리브영 군자역점,인구밀집지역,,127.0789923,37.5568272,2026-09-30 17:25:00+09:00,17,2,0,9,여유,0
POI023,2037026,대림중앙시장,인구밀집지역,,126.8997025,37.4916032,2026-09-30 17:25:00+09:00,17,2,0,9,여유,0
POI024,1906334,동대문역사문화공원,관광지,12,127.0095710,37.5661076,2026-09-30 17:25:00+09:00,17,2,0,9,보통,1
POI025,4025740,다이소 뚝섬역점,인구밀집지역,,127.0451244,37.5476939,2026-09-30 17:25:00+09:00,17,2,0,9,여유,0
POI026,4026771,JAJU 미아사거리역점,인구밀집지역,,127.0294532,37.6131436,2026-09-30 17:25:00+09:00,17,2,0,9,보통,1
POI027,4008169,다비치안경 발산역점,인구밀집지역,,126.8389032,37.5588597,2026-09-30 17:25:00+09:00,17,2,0,9,보통,1
POI029,2918269,올리브영 사당역점,인구밀집지역,,126.9813996,37.4746718,2026-09-30 17:25:00+09:00,17,2,0,9,여유,0
POI030,130431,전쟁기념관,문화시설,14,126.9784385,37.5373271,2026-09-30 17:25:00+09:00,17,2,0,9,여유,0
POI031,3306647,ABC마트 ST 서울대입구역점,인구밀집지역,,126.9529494,37.4805127,2026-09-30 17:25:00+09:00,17,2,0,9,보통,1
POI032,2589349,서울식물원,인구밀집지역,,126.8360145,37.5692236,2026-09-30 17:25:00+09:00,17,2,0,9,여유,0
POI033,130361,서울역사박물관,문화시설,14,126.9707772,37.5698982,2026-09-30 17:25:00+09:00,17,2,0,9,보통,1
POI034,2906647,올리브영 선릉역점,인구밀집지역,,127.0483036,37.5052785,2026-09-30 17:25:00+09:00,17,2,0,9,보통,1
POI035,3306806,올리브영 성신여대입구역점,인구밀집지역,,127.0159782,37.5937321,2026-09-30 17:25:00+09:00,17,2,0,9,보통,1
POI036,4026769,세컨아이즈 수유역점,인구밀집지역,,127.0270330,37.6386748,2026-09-30 17:25:00+09:00,17,2,0,9,여유,0
POI037,3305302,올리브영 신논현역점,인구밀집지역,,127.0250313,37.5046342,2026-09-30 17:25:00+09:00,17,2,0,9,보통,1
POI038,3307250,정관장 신도림역점,인구밀집지역,,126.8890714,37.5052235,2026-09-30 17:25:00+09:00,17,2,0,9,보통,1
POI039,2909517,올리브영 신림역점,인구밀집지역,,126.9299488,37.4855072,2026-09-30 17:25:00+09:00,17,2,0,9,여유,0
POI040,3023167,브라운스위트 신촌센트럴,인구밀집지역,,126.9356086,37.5547215,2026-09-30 17:25:00+09:00,17,2,0,9,여유,0
POI041,4025615,으뜸50안경 양재역점,인구밀집지역,,127.0366745,37.4844742,2026-09-30 17:25:00+09:00,17,2,0,9,보통,1
POI042,2911908,올리브영 역삼역점,인구밀집지역,,127.0343038,37.4996398,2026-09-30 17:25:00+09:00,17,2,0,9,보통,1
POI043,2925802,ABC마트 ST 연신내역점,인구밀집지역,,126.9203863,37.6182861,2026-09-30 17:25:00+09:00,17,2,0,9,여유,0
POI044,131434,목동사격장,인구밀집지역,,126.8799280,37.5308340,2026-09-30 17:25:00+09:00,17,2,0,9,여유,0
POI045,2910272,엔터식스 왕십리역점,인구밀집지역,,127.0383942,37.5614418,2026-09-30 17:25:00+09:00,17,2,0,9,여유,0
POI046,2758150,용산역광장,인구밀집지역,,126.9647566,37.5298249,2026-09-30 17:25:00+09:00,17,2,0,9,약간 붐빔,2
POI047,2910593,러쉬 이태원역점,인구밀집지역,,126.9937352,37.5348144,2026-09-30 17:25:00+09:00,17,2,0,9,여유,0
POI048,2924746,올리브영 현대아울렛 가든파이브점,인구밀집지역,,127.1249618,37.4776148,2026-09-30 17:25:00+09:00,17,2,0,9,보통,1
POI049,2907221,올리브영 장한평역점,인구밀집지역,,127.0645738,37.5621355,2026-09-30 17:25:00+09:00,17,2,0,9,보통,1
POI050,4027140,롯데하이마트 천호역점,인구밀집지역,,127.1225567,37.5372303,2026-09-30 17:25:00+09:00,17,2,0,9,보통,1
POI051,4027111,아트박스 이수역점,인구밀집지역,,126.9802810,37.4850769,2026-09-30 17:25:00+09:00,17,2,0,9,보통,1
POI052,250330,서울 약현성당,인구밀집지역,,126.9674195,37.5591438,2026-09-30 17:25:00+09:00,17,2,0,9,여유,0
POI053,3076199,NOL 씨어터 합정,인구밀집지역,,126.9142940,37.5511270,2026-09-30 17:25:00+09:00,17,2,0,9,여유,0
POI054,3306639,올리브영 혜화역점,인구밀집지역,,127.0022496,37.5821889,2026-09-30 17:25:00+09:00,17,2,0,9,보통,1
POI055,2911133,올리브영 홍대입구역점,인구밀집지역,,126.9234466,37.5561131,2026-09-30 17:25:00+09:00,17,2,0,9,약간 붐빔,2
POI056,4008866,365회기역약국,인구밀집지역,,127.0574416,37.5901851,2026-09-30 17:25:00+09:00,17,2,0,9,보통,1
POI058,4009200,올리브영 가락시장역점,발달상권,,127.1200525,37.4935862,2026-09-30 17:25:00+09:00,17,2,0,9,여유,0
POI059,987720,신사동 가로수길,관광지,12,127.0227572,37.5197049,2026-09-30 17:25:00+09:00,17,2,0,9,보통,1
POI060,132183,광장시장,쇼핑,38,126.9997218,37.5701653,2026-09-30 17:25:00+09:00,17,2,0,9,여유,0
POI061,1535690,롯데몰 김포공항점,쇼핑,38,126.8015845,37.5621960,2026-09-30 17:25:00+09:00,17,2,0,9,붐빔,3
POI063,132216,노량진수산물도매시장,쇼핑,38,126.9368207,37.5148539,2026-09-30 17:25:00+09:00,17,2,0,9,여유,0
POI064,2778454,정동길,발달상권,,126.9696135,37.5679539,2026-09-30 17:25:00+09:00,17,2,0,9,여유,0
POI066,126537,북촌한옥마을,관광지,12,126.9867060,37.5790529,2026-09-30 17:25:00+09:00,17,2,0,9,여유,0
POI067,3097714,서촌라운지,발달상권,,126.9688799,37.5785416,2026-09-30 17:25:00+09:00,17,2,0,9,여유,0
POI068,2930901,성수동 카페거리,발달상권,,127.0566146,37.5432528,2026-09-30 17:25:00+09:00,17,2,0,9,보통,1
POI070,4011885,올리브영 쌍문역점,인구밀집지역,,127.0348872,37.6483536,2026-09-30 17:25:00+09:00,17,2,0,9,약간 붐빔,2
POI071,126823,압구정 로데오거리,발달상권,,127.0388972,37.5268766,2026-09-30 17:25:00+09:00,17,2,0,9,여유,0
POI072,1327006,메리어트 이그제큐티브 아파트먼트 서울 여의도,발달상권,,126.9186194,37.5212668,2026-09-30 17:25:00+09:00,17,2,0,9,보통,1
POI073,2500201,연남동 공방거리,관광지,12,126.9236206,37.5623010,2026-09-30 17:25:00+09:00,17,2,0,9,여유,0
POI074,3305278,올리브영 영등포타임스퀘어점,발달상권,,126.9037160,37.5172333,2026-09-30 17:25:00+09:00,17,2,0,9,약간 붐빔,2
POI076,2773303,아모레퍼시픽미술관,발달상권,,126.9686896,37.5288446,2026-09-30 17:25:00+09:00,17,2,0,9,여유,0
POI077,1019182,이태원 앤틱 가구거리,발달상권,,126.9943340,37.5335170,2026-09-30 17:25:00+09:00,17,2,0,9,여유,0
POI078,2392535,다이나믹 메이즈 인사동,발달상권,,126.9872367,37.5719399,2026-09-30 17:25:00+09:00,17,2,0,9,보통,1
POI080,1310950,청담패션거리,발달상권,,127.0443162,37.5255519,2026-09-30 17:25:00+09:00,17,2,0,9,약간 붐빔,2
POI081,948730,경동시장,발달상권,,127.0391402,37.5790354,2026-09-30 17:25:00+09:00,17,2,0,9,여유,0
POI082,2385683,서울 해방촌의 이국적인 맛집을 찾아서,발달상권,,126.9831046,37.5447208,2026-09-30 17:25:00+09:00,17,2,0,9,여유,0
POI083,2470006,동대문디자인플라자(DDP),관광지,12,127.0095710,37.5661076,2026-09-30 17:25:00+09:00,17,2,0,9,여유,0
POI084,3082446,키즈돌핀 서대문DMC점,레포츠,28,126.9083161,37.5729189,2026-09-30 17:25:00+09:00,17,2,0,9,보통,1
POI085,2733968,강서한강공원,공원,,126.8171452,37.5860415,2026-09-30 17:25:00+09:00,17,2,0,9,여유,0
POI086,2591873,고척 스카이돔,레포츠,28,126.8668970,37.4992129,2026-09-30 17:25:00+09:00,17,2,0,9,여유,0
POI087,250252,광나루한강공원,공원,,127.1222640,37.5500199,2026-09-30 17:25:00+09:00,17,2,0,9,여유,0
POI088,775394,광화문광장,공원,,126.9769710,37.5727035,2026-09-30 17:25:00+09:00,17,2,0,9,보통,1
POI089,1604580,국립중앙박물관 전통염료식물원,관광지,12,126.9791278,37.5211706,2026-09-30 17:25:00+09:00,17,2,0,9,여유,0
POI090,127859,난지한강공원,관광지,12,126.8851546,37.5630252,2026-09-30 17:25:00+09:00,17,2,0,9,여유,0
POI091,126485,남산공원(서울),공원,,126.9922312,37.5556863,2026-09-30 17:25:00+09:00,17,2,0,9,보통,1
POI092,2638475,노들섬,공원,,126.9580520,37.5177179,2026-09-30 17:25:00+09:00,17,2,0,9,여유,0
POI093,1030763,뚝섬한강공원,관광지,12,127.0739939,37.5294186,2026-09-30 17:25:00+09:00,17,2,0,9,여유,0
POI094,1059638,망원한강공원,관광지,12,126.8999036,37.5523989,2026-09-30 17:25:00+09:00,17,2,0,9,보통,1
POI095,970138,반포한강공원,공원,,126.9927514,37.5076862,2026-09-30 17:25:00+09:00,17,2,0,9,여유,0
POI096,822384,북서울꿈의숲,관광지,12,127.0445440,37.6197243,2026-09-30 17:25:00+09:00,17,2,0,9,여유,0
POI098,2773409,서리풀공원,공원,,126.9997157,37.4908523,2026-09-30 17:25:00+09:00,17,2,0,9,붐빔,3
POI100,126712,서울대공원,공원,,127.0170994,37.4278367,2026-09-30 17:25:00+09:00,17,2,0,9,여유,0
POI101,128611,서울숲,공원,,127.0417984,37.5430716,2026-09-30 17:25:00+09:00,17,2,0,9,여유,0
POI102,742972,아차산 어울림정원,공원,,127.1012880,37.5519609,2026-09-30 17:25:00+09:00,17,2,0,9,여유,0
POI103,1059877,양화한강공원,공원,,126.9023815,37.5383339,2026-09-30 17:25:00+09:00,17,2,0,9,여유,0
POI104,126490,서울어린이대공원,공원,,127.0762793,37.5493552,2026-09-30 17:25:00+09:00,17,2,0,9,보통,1
POI105,1059479,여의도한강공원,관광지,12,126.9336096,37.5263998,2026-09-30 17:25:00+09:00,17,2,0,9,여유,0
POI106,3058015,월드컵공원 유아숲체험원,공원,,126.8911230,37.5674490,2026-09-30 17:25:00+09:00,17,2,0,9,여유,0
POI107,1874105,응봉산(서울),공원,,127.0298000,37.5482000,2026-09-30 17:25:00+09:00,17,2,0,9,여유,0
POI108,970636,이촌한강공원,공원,,126.9708512,37.5178206,2026-09-30 17:25:00+09:00,17,2,0,9,여유,0
POI109,1093200,서울종합운동장(잠실종합운동장),공원,,127.0736248,37.5147994,2026-09-30 17:25:00+09:00,17,2,0,9,여유,0
POI110,131318,잠실한강공원 잠실물놀이장,레포츠,28,127.0867514,37.5176813,2026-09-30 17:25:00+09:00,17,2,0,9,여유,0
POI111,970342,잠원한강공원,공원,,127.0122746,37.5207538,2026-09-30 17:25:00+09:00,17,2,0,9,여유,0
POI112,2792588,서울 서초 글램핑 청계산장,레포츠,28,127.0464404,37.4483609,2026-09-30 17:25:00+09:00,17,2,0,9,여유,0
POI115,132180,남대문시장,쇼핑,38,126.9776796,37.5592467,2026-09-30 17:25:00+09:00,17,2,0,9,보통,1
POI116,2946228,익선동 한옥거리,발달상권,,126.9901420,37.5737675,2026-09-30 17:25:00+09:00,17,2,0,9,보통,1
POI117,2915164,올리브영 신정네거리역점,인구밀집지역,,126.8536835,37.5190714,2026-09-30 17:25:00+09:00,17,2,0,9,여유,0
POI118,3306465,아트박스 잠실새내점,인구밀집지역,,127.0866633,37.5085039,2026-09-30 17:25:00+09:00,17,2,0,9,보통,1
POI119,4009164,더샘 잠실역점,인구밀집지역,,127.1018579,37.5138593,2026-09-30 17:25:00+09:00,17,2,0,9,약간 붐빔,2
POI120,754052,석촌호수,발달상권,,127.0989440,37.5079160,2026-09-30 17:25:00+09:00,17,2,0,9,보통,1
POI121,2994877,송리단길,발달상권,,127.1082358,37.5091382,2026-09-30 17:25:00+09:00,17,2,0,9,여유,0
POI122,264375,연세로,관광지,12,126.9365529,37.5557797,2026-09-30 17:25:00+09:00,17,2,0,9,여유,0
POI123,127940,보라매공원,공원,,126.9194911,37.4948921,2026-09-30 17:25:00+09:00,17,2,0,9,보통,1
POI124,128622,서대문독립공원,관광지,12,126.9573422,37.5746724,2026-09-30 17:25:00+09:00,17,2,0,9,여유,0
POI125,2591870,안양천 물놀이장,레포츠,28,126.8745155,37.5071537,2026-09-30 17:25:00+09:00,17,2,0,9,보통,1
POI126,525755,영등포 여의도 봄꽃축제,공원,,126.9226450,37.5320510,2026-09-30 17:25:00+09:00,17,2,0,9,여유,0
POI127,2761797,올림픽공원피크닉장,공원,,127.1150682,37.5206093,2026-09-30 17:25:00+09:00,17,2,0,9,여유,0
POI128,2783698,홍제폭포,공원,,126.9376210,37.5806970,2026-09-30 17:25:00+09:00,17,2,0,9,여유,0
POI129,3056152,열린송현 녹지광장,공원,,126.9814000,37.5766000,2026-09-30 17:25:00+09:00,17,2,0,9,여유,0
POI130,2927404,다이소 서울시청광장점,인구밀집지역,,126.9766271,37.5647034,2026-09-30 17:25:00+09:00,17,2,0,9,보통,1
POI131,1951225,서울의 대문 숭례문과 그 주변의 사람들을 찾아,인구밀집지역,,126.9752993,37.5599855,2026-09-30 17:25:00+09:00,17,2,0,9,여유,0
